repetitions,sampling_period,metrics,time,Mops
6,Rust,0.01,"cache,rss,rss_huge,shmem,mapped_file,dirty,writeback,swap,pgpgin,pgpgout,pgfault,pgmajfault,inactive_anon,active_anon,inactive_file,active_file,unevictable,hierarchical_memory_limit,hierarchical_memsw_limit,total_cache,total_rss,total_rss_huge,total_shmem,total_mapped_file,total_dirty,total_writeback,total_swap,total_pgpgin,total_pgpgout,total_pgfault,total_pgmajfault,total_inactive_anon,total_active_anon,total_inactive_file,total_active_file,total_unevictable,nr_periods,nr_throttled,throttled_time,cpu_cycles,instructions,cache_references,cache_misses,branch_instructions,branch_misses,bus_cycles,ref_cpu_cycles,cache_l1d,cache_ll,cache_dtlb,cache_itlb,cache_bpu,cache_node,cache_op_read,cache_op_prefetch,cache_result_access,cpu_clock,task_clock,page_faults,context_switches,cpu_migrations,page_faults_min,page_faults_maj,alignment_faults,emulation_faults,dummy,bpf_output",203.87,10786.66
3,Rust,0.001,"cache,rss,rss_huge,shmem,mapped_file,dirty,writeback,swap,pgpgin,pgpgout,pgfault,pgmajfault,inactive_anon,active_anon,inactive_file,active_file,unevictable,hierarchical_memory_limit,hierarchical_memsw_limit,total_cache,total_rss,total_rss_huge,total_shmem,total_mapped_file,total_dirty,total_writeback,total_swap,total_pgpgin,total_pgpgout,total_pgfault,total_pgmajfault,total_inactive_anon,total_active_anon,total_inactive_file,total_active_file,total_unevictable,nr_periods,nr_throttled,throttled_time,cpu_cycles,instructions,cache_references,cache_misses,branch_instructions,branch_misses,bus_cycles,ref_cpu_cycles,cache_l1d,cache_ll,cache_dtlb,cache_itlb,cache_bpu,cache_node,cache_op_read,cache_op_prefetch,cache_result_access,cpu_clock,task_clock,page_faults,context_switches,cpu_migrations,page_faults_min,page_faults_maj,alignment_faults,emulation_faults,dummy,bpf_output",204.28,10764.55
7,Rust,0.1,"cache,rss,rss_huge,shmem,mapped_file,dirty,writeback,swap,pgpgin,pgpgout,pgfault,pgmajfault,inactive_anon,active_anon,inactive_file,active_file,unevictable,hierarchical_memory_limit,hierarchical_memsw_limit,total_cache,total_rss,total_rss_huge,total_shmem,total_mapped_file,total_dirty,total_writeback,total_swap,total_pgpgin,total_pgpgout,total_pgfault,total_pgmajfault,total_inactive_anon,total_active_anon,total_inactive_file,total_active_file,total_unevictable,nr_periods,nr_throttled,throttled_time,cpu_cycles,instructions,cache_references,cache_misses,branch_instructions,branch_misses,bus_cycles,ref_cpu_cycles,cache_l1d,cache_ll,cache_dtlb,cache_itlb,cache_bpu,cache_node,cache_op_read,cache_op_prefetch,cache_result_access,cpu_clock,task_clock,page_faults,context_switches,cpu_migrations,page_faults_min,page_faults_maj,alignment_faults,emulation_faults,dummy,bpf_output",205.01,10726.68
7,Rust,1,"cache,rss,rss_huge,shmem,mapped_file,dirty,writeback,swap,pgpgin,pgpgout,pgfault,pgmajfault,inactive_anon,active_anon,inactive_file,active_file,unevictable,hierarchical_memory_limit,hierarchical_memsw_limit,total_cache,total_rss,total_rss_huge,total_shmem,total_mapped_file,total_dirty,total_writeback,total_swap,total_pgpgin,total_pgpgout,total_pgfault,total_pgmajfault,total_inactive_anon,total_active_anon,total_inactive_file,total_active_file,total_unevictable,nr_periods,nr_throttled,throttled_time,cpu_cycles,instructions,cache_references,cache_misses,branch_instructions,branch_misses,bus_cycles,ref_cpu_cycles,cache_l1d,cache_ll,cache_dtlb,cache_itlb,cache_bpu,cache_node,cache_op_read,cache_op_prefetch,cache_result_access,cpu_clock,task_clock,page_faults,context_switches,cpu_migrations,page_faults_min,page_faults_maj,alignment_faults,emulation_faults,dummy,bpf_output",205.21,10716.00
1,Rust,0.01,"cache,rss,rss_huge,shmem,mapped_file,dirty,writeback,swap,pgpgin,pgpgout,pgfault,pgmajfault,inactive_anon,active_anon,inactive_file,active_file,unevictable,hierarchical_memory_limit,hierarchical_memsw_limit,total_cache,total_rss,total_rss_huge,total_shmem,total_mapped_file,total_dirty,total_writeback,total_swap,total_pgpgin,total_pgpgout,total_pgfault,total_pgmajfault,total_inactive_anon,total_active_anon,total_inactive_file,total_active_file,total_unevictable,nr_periods,nr_throttled,throttled_time,cpu_cycles,instructions,cache_references,cache_misses,branch_instructions,branch_misses,bus_cycles,ref_cpu_cycles,cache_l1d,cache_ll,cache_dtlb,cache_itlb,cache_bpu,cache_node,cache_op_read,cache_op_prefetch,cache_result_access,cpu_clock,task_clock,page_faults,context_switches,cpu_migrations,page_faults_min,page_faults_maj,alignment_faults,emulation_faults,dummy,bpf_output",209.75,10483.87
5,Rust,1,"cache,rss,rss_huge,shmem,mapped_file,dirty,writeback,swap,pgpgin,pgpgout,pgfault,pgmajfault,inactive_anon,active_anon,inactive_file,active_file,unevictable,hierarchical_memory_limit,hierarchical_memsw_limit,total_cache,total_rss,total_rss_huge,total_shmem,total_mapped_file,total_dirty,total_writeback,total_swap,total_pgpgin,total_pgpgout,total_pgfault,total_pgmajfault,total_inactive_anon,total_active_anon,total_inactive_file,total_active_file,total_unevictable,nr_periods,nr_throttled,throttled_time,cpu_cycles,instructions,cache_references,cache_misses,branch_instructions,branch_misses,bus_cycles,ref_cpu_cycles,cache_l1d,cache_ll,cache_dtlb,cache_itlb,cache_bpu,cache_node,cache_op_read,cache_op_prefetch,cache_result_access,cpu_clock,task_clock,page_faults,context_switches,cpu_migrations,page_faults_min,page_faults_maj,alignment_faults,emulation_faults,dummy,bpf_output",208.95,10523.94
0,Rust,0.001,"cache,rss,rss_huge,shmem,mapped_file,dirty,writeback,swap,pgpgin,pgpgout,pgfault,pgmajfault,inactive_anon,active_anon,inactive_file,active_file,unevictable,hierarchical_memory_limit,hierarchical_memsw_limit,total_cache,total_rss,total_rss_huge,total_shmem,total_mapped_file,total_dirty,total_writeback,total_swap,total_pgpgin,total_pgpgout,total_pgfault,total_pgmajfault,total_inactive_anon,total_active_anon,total_inactive_file,total_active_file,total_unevictable,nr_periods,nr_throttled,throttled_time,cpu_cycles,instructions,cache_references,cache_misses,branch_instructions,branch_misses,bus_cycles,ref_cpu_cycles,cache_l1d,cache_ll,cache_dtlb,cache_itlb,cache_bpu,cache_node,cache_op_read,cache_op_prefetch,cache_result_access,cpu_clock,task_clock,page_faults,context_switches,cpu_migrations,page_faults_min,page_faults_maj,alignment_faults,emulation_faults,dummy,bpf_output",202.90,10838.16
9,Rust,0.1,"cache,rss,rss_huge,shmem,mapped_file,dirty,writeback,swap,pgpgin,pgpgout,pgfault,pgmajfault,inactive_anon,active_anon,inactive_file,active_file,unevictable,hierarchical_memory_limit,hierarchical_memsw_limit,total_cache,total_rss,total_rss_huge,total_shmem,total_mapped_file,total_dirty,total_writeback,total_swap,total_pgpgin,total_pgpgout,total_pgfault,total_pgmajfault,total_inactive_anon,total_active_anon,total_inactive_file,total_active_file,total_unevictable,nr_periods,nr_throttled,throttled_time,cpu_cycles,instructions,cache_references,cache_misses,branch_instructions,branch_misses,bus_cycles,ref_cpu_cycles,cache_l1d,cache_ll,cache_dtlb,cache_itlb,cache_bpu,cache_node,cache_op_read,cache_op_prefetch,cache_result_access,cpu_clock,task_clock,page_faults,context_switches,cpu_migrations,page_faults_min,page_faults_maj,alignment_faults,emulation_faults,dummy,bpf_output",205.28,10712.43
7,Rust,0.01,"cache,rss,rss_huge,shmem,mapped_file,dirty,writeback,swap,pgpgin,pgpgout,pgfault,pgmajfault,inactive_anon,active_anon,inactive_file,active_file,unevictable,hierarchical_memory_limit,hierarchical_memsw_limit,total_cache,total_rss,total_rss_huge,total_shmem,total_mapped_file,total_dirty,total_writeback,total_swap,total_pgpgin,total_pgpgout,total_pgfault,total_pgmajfault,total_inactive_anon,total_active_anon,total_inactive_file,total_active_file,total_unevictable,nr_periods,nr_throttled,throttled_time,cpu_cycles,instructions,cache_references,cache_misses,branch_instructions,branch_misses,bus_cycles,ref_cpu_cycles,cache_l1d,cache_ll,cache_dtlb,cache_itlb,cache_bpu,cache_node,cache_op_read,cache_op_prefetch,cache_result_access,cpu_clock,task_clock,page_faults,context_switches,cpu_migrations,page_faults_min,page_faults_maj,alignment_faults,emulation_faults,dummy,bpf_output",209.15,10514.22
6,Rust,0.001,"cache,rss,rss_huge,shmem,mapped_file,dirty,writeback,swap,pgpgin,pgpgout,pgfault,pgmajfault,inactive_anon,active_anon,inactive_file,active_file,unevictable,hierarchical_memory_limit,hierarchical_memsw_limit,total_cache,total_rss,total_rss_huge,total_shmem,total_mapped_file,total_dirty,total_writeback,total_swap,total_pgpgin,total_pgpgout,total_pgfault,total_pgmajfault,total_inactive_anon,total_active_anon,total_inactive_file,total_active_file,total_unevictable,nr_periods,nr_throttled,throttled_time,cpu_cycles,instructions,cache_references,cache_misses,branch_instructions,branch_misses,bus_cycles,ref_cpu_cycles,cache_l1d,cache_ll,cache_dtlb,cache_itlb,cache_bpu,cache_node,cache_op_read,cache_op_prefetch,cache_result_access,cpu_clock,task_clock,page_faults,context_switches,cpu_migrations,page_faults_min,page_faults_maj,alignment_faults,emulation_faults,dummy,bpf_output",209.38,10502.62
8,Rust,0.1,"cache,rss,rss_huge,shmem,mapped_file,dirty,writeback,swap,pgpgin,pgpgout,pgfault,pgmajfault,inactive_anon,active_anon,inactive_file,active_file,unevictable,hierarchical_memory_limit,hierarchical_memsw_limit,total_cache,total_rss,total_rss_huge,total_shmem,total_mapped_file,total_dirty,total_writeback,total_swap,total_pgpgin,total_pgpgout,total_pgfault,total_pgmajfault,total_inactive_anon,total_active_anon,total_inactive_file,total_active_file,total_unevictable,nr_periods,nr_throttled,throttled_time,cpu_cycles,instructions,cache_references,cache_misses,branch_instructions,branch_misses,bus_cycles,ref_cpu_cycles,cache_l1d,cache_ll,cache_dtlb,cache_itlb,cache_bpu,cache_node,cache_op_read,cache_op_prefetch,cache_result_access,cpu_clock,task_clock,page_faults,context_switches,cpu_migrations,page_faults_min,page_faults_maj,alignment_faults,emulation_faults,dummy,bpf_output",220.70,9963.67
8,Rust,1,"cache,rss,rss_huge,shmem,mapped_file,dirty,writeback,swap,pgpgin,pgpgout,pgfault,pgmajfault,inactive_anon,active_anon,inactive_file,active_file,unevictable,hierarchical_memory_limit,hierarchical_memsw_limit,total_cache,total_rss,total_rss_huge,total_shmem,total_mapped_file,total_dirty,total_writeback,total_swap,total_pgpgin,total_pgpgout,total_pgfault,total_pgmajfault,total_inactive_anon,total_active_anon,total_inactive_file,total_active_file,total_unevictable,nr_periods,nr_throttled,throttled_time,cpu_cycles,instructions,cache_references,cache_misses,branch_instructions,branch_misses,bus_cycles,ref_cpu_cycles,cache_l1d,cache_ll,cache_dtlb,cache_itlb,cache_bpu,cache_node,cache_op_read,cache_op_prefetch,cache_result_access,cpu_clock,task_clock,page_faults,context_switches,cpu_migrations,page_faults_min,page_faults_maj,alignment_faults,emulation_faults,dummy,bpf_output",210.02,10470.43
5,Rust,0.01,"cache,rss,rss_huge,shmem,mapped_file,dirty,writeback,swap,pgpgin,pgpgout,pgfault,pgmajfault,inactive_anon,active_anon,inactive_file,active_file,unevictable,hierarchical_memory_limit,hierarchical_memsw_limit,total_cache,total_rss,total_rss_huge,total_shmem,total_mapped_file,total_dirty,total_writeback,total_swap,total_pgpgin,total_pgpgout,total_pgfault,total_pgmajfault,total_inactive_anon,total_active_anon,total_inactive_file,total_active_file,total_unevictable,nr_periods,nr_throttled,throttled_time,cpu_cycles,instructions,cache_references,cache_misses,branch_instructions,branch_misses,bus_cycles,ref_cpu_cycles,cache_l1d,cache_ll,cache_dtlb,cache_itlb,cache_bpu,cache_node,cache_op_read,cache_op_prefetch,cache_result_access,cpu_clock,task_clock,page_faults,context_switches,cpu_migrations,page_faults_min,page_faults_maj,alignment_faults,emulation_faults,dummy,bpf_output",210.78,10432.56
9,Rust,1,"cache,rss,rss_huge,shmem,mapped_file,dirty,writeback,swap,pgpgin,pgpgout,pgfault,pgmajfault,inactive_anon,active_anon,inactive_file,active_file,unevictable,hierarchical_memory_limit,hierarchical_memsw_limit,total_cache,total_rss,total_rss_huge,total_shmem,total_mapped_file,total_dirty,total_writeback,total_swap,total_pgpgin,total_pgpgout,total_pgfault,total_pgmajfault,total_inactive_anon,total_active_anon,total_inactive_file,total_active_file,total_unevictable,nr_periods,nr_throttled,throttled_time,cpu_cycles,instructions,cache_references,cache_misses,branch_instructions,branch_misses,bus_cycles,ref_cpu_cycles,cache_l1d,cache_ll,cache_dtlb,cache_itlb,cache_bpu,cache_node,cache_op_read,cache_op_prefetch,cache_result_access,cpu_clock,task_clock,page_faults,context_switches,cpu_migrations,page_faults_min,page_faults_maj,alignment_faults,emulation_faults,dummy,bpf_output",200.13,10987.75
5,Rust,0.1,"cache,rss,rss_huge,shmem,mapped_file,dirty,writeback,swap,pgpgin,pgpgout,pgfault,pgmajfault,inactive_anon,active_anon,inactive_file,active_file,unevictable,hierarchical_memory_limit,hierarchical_memsw_limit,total_cache,total_rss,total_rss_huge,total_shmem,total_mapped_file,total_dirty,total_writeback,total_swap,total_pgpgin,total_pgpgout,total_pgfault,total_pgmajfault,total_inactive_anon,total_active_anon,total_inactive_file,total_active_file,total_unevictable,nr_periods,nr_throttled,throttled_time,cpu_cycles,instructions,cache_references,cache_misses,branch_instructions,branch_misses,bus_cycles,ref_cpu_cycles,cache_l1d,cache_ll,cache_dtlb,cache_itlb,cache_bpu,cache_node,cache_op_read,cache_op_prefetch,cache_result_access,cpu_clock,task_clock,page_faults,context_switches,cpu_migrations,page_faults_min,page_faults_maj,alignment_faults,emulation_faults,dummy,bpf_output",202.64,10852.06
3,Rust,1,"cache,rss,rss_huge,shmem,mapped_file,dirty,writeback,swap,pgpgin,pgpgout,pgfault,pgmajfault,inactive_anon,active_anon,inactive_file,active_file,unevictable,hierarchical_memory_limit,hierarchical_memsw_limit,total_cache,total_rss,total_rss_huge,total_shmem,total_mapped_file,total_dirty,total_writeback,total_swap,total_pgpgin,total_pgpgout,total_pgfault,total_pgmajfault,total_inactive_anon,total_active_anon,total_inactive_file,total_active_file,total_unevictable,nr_periods,nr_throttled,throttled_time,cpu_cycles,instructions,cache_references,cache_misses,branch_instructions,branch_misses,bus_cycles,ref_cpu_cycles,cache_l1d,cache_ll,cache_dtlb,cache_itlb,cache_bpu,cache_node,cache_op_read,cache_op_prefetch,cache_result_access,cpu_clock,task_clock,page_faults,context_switches,cpu_migrations,page_faults_min,page_faults_maj,alignment_faults,emulation_faults,dummy,bpf_output",208.00,10572.14
8,Rust,0.01,"cache,rss,rss_huge,shmem,mapped_file,dirty,writeback,swap,pgpgin,pgpgout,pgfault,pgmajfault,inactive_anon,active_anon,inactive_file,active_file,unevictable,hierarchical_memory_limit,hierarchical_memsw_limit,total_cache,total_rss,total_rss_huge,total_shmem,total_mapped_file,total_dirty,total_writeback,total_swap,total_pgpgin,total_pgpgout,total_pgfault,total_pgmajfault,total_inactive_anon,total_active_anon,total_inactive_file,total_active_file,total_unevictable,nr_periods,nr_throttled,throttled_time,cpu_cycles,instructions,cache_references,cache_misses,branch_instructions,branch_misses,bus_cycles,ref_cpu_cycles,cache_l1d,cache_ll,cache_dtlb,cache_itlb,cache_bpu,cache_node,cache_op_read,cache_op_prefetch,cache_result_access,cpu_clock,task_clock,page_faults,context_switches,cpu_migrations,page_faults_min,page_faults_maj,alignment_faults,emulation_faults,dummy,bpf_output",208.55,10544.10
2,Rust,0.001,"cache,rss,rss_huge,shmem,mapped_file,dirty,writeback,swap,pgpgin,pgpgout,pgfault,pgmajfault,inactive_anon,active_anon,inactive_file,active_file,unevictable,hierarchical_memory_limit,hierarchical_memsw_limit,total_cache,total_rss,total_rss_huge,total_shmem,total_mapped_file,total_dirty,total_writeback,total_swap,total_pgpgin,total_pgpgout,total_pgfault,total_pgmajfault,total_inactive_anon,total_active_anon,total_inactive_file,total_active_file,total_unevictable,nr_periods,nr_throttled,throttled_time,cpu_cycles,instructions,cache_references,cache_misses,branch_instructions,branch_misses,bus_cycles,ref_cpu_cycles,cache_l1d,cache_ll,cache_dtlb,cache_itlb,cache_bpu,cache_node,cache_op_read,cache_op_prefetch,cache_result_access,cpu_clock,task_clock,page_faults,context_switches,cpu_migrations,page_faults_min,page_faults_maj,alignment_faults,emulation_faults,dummy,bpf_output",209.46,10498.51
7,Rust,0.001,"cache,rss,rss_huge,shmem,mapped_file,dirty,writeback,swap,pgpgin,pgpgout,pgfault,pgmajfault,inactive_anon,active_anon,inactive_file,active_file,unevictable,hierarchical_memory_limit,hierarchical_memsw_limit,total_cache,total_rss,total_rss_huge,total_shmem,total_mapped_file,total_dirty,total_writeback,total_swap,total_pgpgin,total_pgpgout,total_pgfault,total_pgmajfault,total_inactive_anon,total_active_anon,total_inactive_file,total_active_file,total_unevictable,nr_periods,nr_throttled,throttled_time,cpu_cycles,instructions,cache_references,cache_misses,branch_instructions,branch_misses,bus_cycles,ref_cpu_cycles,cache_l1d,cache_ll,cache_dtlb,cache_itlb,cache_bpu,cache_node,cache_op_read,cache_op_prefetch,cache_result_access,cpu_clock,task_clock,page_faults,context_switches,cpu_migrations,page_faults_min,page_faults_maj,alignment_faults,emulation_faults,dummy,bpf_output",209.33,10505.27
9,Rust,0.01,"cache,rss,rss_huge,shmem,mapped_file,dirty,writeback,swap,pgpgin,pgpgout,pgfault,pgmajfault,inactive_anon,active_anon,inactive_file,active_file,unevictable,hierarchical_memory_limit,hierarchical_memsw_limit,total_cache,total_rss,total_rss_huge,total_shmem,total_mapped_file,total_dirty,total_writeback,total_swap,total_pgpgin,total_pgpgout,total_pgfault,total_pgmajfault,total_inactive_anon,total_active_anon,total_inactive_file,total_active_file,total_unevictable,nr_periods,nr_throttled,throttled_time,cpu_cycles,instructions,cache_references,cache_misses,branch_instructions,branch_misses,bus_cycles,ref_cpu_cycles,cache_l1d,cache_ll,cache_dtlb,cache_itlb,cache_bpu,cache_node,cache_op_read,cache_op_prefetch,cache_result_access,cpu_clock,task_clock,page_faults,context_switches,cpu_migrations,page_faults_min,page_faults_maj,alignment_faults,emulation_faults,dummy,bpf_output",208.83,10530.33
3,Rust,0.01,"cache,rss,rss_huge,shmem,mapped_file,dirty,writeback,swap,pgpgin,pgpgout,pgfault,pgmajfault,inactive_anon,active_anon,inactive_file,active_file,unevictable,hierarchical_memory_limit,hierarchical_memsw_limit,total_cache,total_rss,total_rss_huge,total_shmem,total_mapped_file,total_dirty,total_writeback,total_swap,total_pgpgin,total_pgpgout,total_pgfault,total_pgmajfault,total_inactive_anon,total_active_anon,total_inactive_file,total_active_file,total_unevictable,nr_periods,nr_throttled,throttled_time,cpu_cycles,instructions,cache_references,cache_misses,branch_instructions,branch_misses,bus_cycles,ref_cpu_cycles,cache_l1d,cache_ll,cache_dtlb,cache_itlb,cache_bpu,cache_node,cache_op_read,cache_op_prefetch,cache_result_access,cpu_clock,task_clock,page_faults,context_switches,cpu_migrations,page_faults_min,page_faults_maj,alignment_faults,emulation_faults,dummy,bpf_output",214.60,10247.02
1,Rust,0.001,"cache,rss,rss_huge,shmem,mapped_file,dirty,writeback,swap,pgpgin,pgpgout,pgfault,pgmajfault,inactive_anon,active_anon,inactive_file,active_file,unevictable,hierarchical_memory_limit,hierarchical_memsw_limit,total_cache,total_rss,total_rss_huge,total_shmem,total_mapped_file,total_dirty,total_writeback,total_swap,total_pgpgin,total_pgpgout,total_pgfault,total_pgmajfault,total_inactive_anon,total_active_anon,total_inactive_file,total_active_file,total_unevictable,nr_periods,nr_throttled,throttled_time,cpu_cycles,instructions,cache_references,cache_misses,branch_instructions,branch_misses,bus_cycles,ref_cpu_cycles,cache_l1d,cache_ll,cache_dtlb,cache_itlb,cache_bpu,cache_node,cache_op_read,cache_op_prefetch,cache_result_access,cpu_clock,task_clock,page_faults,context_switches,cpu_migrations,page_faults_min,page_faults_maj,alignment_faults,emulation_faults,dummy,bpf_output",204.19,10769.41
0,Rust,1,"cache,rss,rss_huge,shmem,mapped_file,dirty,writeback,swap,pgpgin,pgpgout,pgfault,pgmajfault,inactive_anon,active_anon,inactive_file,active_file,unevictable,hierarchical_memory_limit,hierarchical_memsw_limit,total_cache,total_rss,total_rss_huge,total_shmem,total_mapped_file,total_dirty,total_writeback,total_swap,total_pgpgin,total_pgpgout,total_pgfault,total_pgmajfault,total_inactive_anon,total_active_anon,total_inactive_file,total_active_file,total_unevictable,nr_periods,nr_throttled,throttled_time,cpu_cycles,instructions,cache_references,cache_misses,branch_instructions,branch_misses,bus_cycles,ref_cpu_cycles,cache_l1d,cache_ll,cache_dtlb,cache_itlb,cache_bpu,cache_node,cache_op_read,cache_op_prefetch,cache_result_access,cpu_clock,task_clock,page_faults,context_switches,cpu_migrations,page_faults_min,page_faults_maj,alignment_faults,emulation_faults,dummy,bpf_output",208.48,10547.89
3,Rust,0.1,"cache,rss,rss_huge,shmem,mapped_file,dirty,writeback,swap,pgpgin,pgpgout,pgfault,pgmajfault,inactive_anon,active_anon,inactive_file,active_file,unevictable,hierarchical_memory_limit,hierarchical_memsw_limit,total_cache,total_rss,total_rss_huge,total_shmem,total_mapped_file,total_dirty,total_writeback,total_swap,total_pgpgin,total_pgpgout,total_pgfault,total_pgmajfault,total_inactive_anon,total_active_anon,total_inactive_file,total_active_file,total_unevictable,nr_periods,nr_throttled,throttled_time,cpu_cycles,instructions,cache_references,cache_misses,branch_instructions,branch_misses,bus_cycles,ref_cpu_cycles,cache_l1d,cache_ll,cache_dtlb,cache_itlb,cache_bpu,cache_node,cache_op_read,cache_op_prefetch,cache_result_access,cpu_clock,task_clock,page_faults,context_switches,cpu_migrations,page_faults_min,page_faults_maj,alignment_faults,emulation_faults,dummy,bpf_output",208.48,10547.91
4,Rust,0.1,"cache,rss,rss_huge,shmem,mapped_file,dirty,writeback,swap,pgpgin,pgpgout,pgfault,pgmajfault,inactive_anon,active_anon,inactive_file,active_file,unevictable,hierarchical_memory_limit,hierarchical_memsw_limit,total_cache,total_rss,total_rss_huge,total_shmem,total_mapped_file,total_dirty,total_writeback,total_swap,total_pgpgin,total_pgpgout,total_pgfault,total_pgmajfault,total_inactive_anon,total_active_anon,total_inactive_file,total_active_file,total_unevictable,nr_periods,nr_throttled,throttled_time,cpu_cycles,instructions,cache_references,cache_misses,branch_instructions,branch_misses,bus_cycles,ref_cpu_cycles,cache_l1d,cache_ll,cache_dtlb,cache_itlb,cache_bpu,cache_node,cache_op_read,cache_op_prefetch,cache_result_access,cpu_clock,task_clock,page_faults,context_switches,cpu_migrations,page_faults_min,page_faults_maj,alignment_faults,emulation_faults,dummy,bpf_output",207.87,10578.67
0,Rust,0.1,"cache,rss,rss_huge,shmem,mapped_file,dirty,writeback,swap,pgpgin,pgpgout,pgfault,pgmajfault,inactive_anon,active_anon,inactive_file,active_file,unevictable,hierarchical_memory_limit,hierarchical_memsw_limit,total_cache,total_rss,total_rss_huge,total_shmem,total_mapped_file,total_dirty,total_writeback,total_swap,total_pgpgin,total_pgpgout,total_pgfault,total_pgmajfault,total_inactive_anon,total_active_anon,total_inactive_file,total_active_file,total_unevictable,nr_periods,nr_throttled,throttled_time,cpu_cycles,instructions,cache_references,cache_misses,branch_instructions,branch_misses,bus_cycles,ref_cpu_cycles,cache_l1d,cache_ll,cache_dtlb,cache_itlb,cache_bpu,cache_node,cache_op_read,cache_op_prefetch,cache_result_access,cpu_clock,task_clock,page_faults,context_switches,cpu_migrations,page_faults_min,page_faults_maj,alignment_faults,emulation_faults,dummy,bpf_output",208.22,10560.81
4,Rust,1,"cache,rss,rss_huge,shmem,mapped_file,dirty,writeback,swap,pgpgin,pgpgout,pgfault,pgmajfault,inactive_anon,active_anon,inactive_file,active_file,unevictable,hierarchical_memory_limit,hierarchical_memsw_limit,total_cache,total_rss,total_rss_huge,total_shmem,total_mapped_file,total_dirty,total_writeback,total_swap,total_pgpgin,total_pgpgout,total_pgfault,total_pgmajfault,total_inactive_anon,total_active_anon,total_inactive_file,total_active_file,total_unevictable,nr_periods,nr_throttled,throttled_time,cpu_cycles,instructions,cache_references,cache_misses,branch_instructions,branch_misses,bus_cycles,ref_cpu_cycles,cache_l1d,cache_ll,cache_dtlb,cache_itlb,cache_bpu,cache_node,cache_op_read,cache_op_prefetch,cache_result_access,cpu_clock,task_clock,page_faults,context_switches,cpu_migrations,page_faults_min,page_faults_maj,alignment_faults,emulation_faults,dummy,bpf_output",208.09,10567.58
5,Rust,0.001,"cache,rss,rss_huge,shmem,mapped_file,dirty,writeback,swap,pgpgin,pgpgout,pgfault,pgmajfault,inactive_anon,active_anon,inactive_file,active_file,unevictable,hierarchical_memory_limit,hierarchical_memsw_limit,total_cache,total_rss,total_rss_huge,total_shmem,total_mapped_file,total_dirty,total_writeback,total_swap,total_pgpgin,total_pgpgout,total_pgfault,total_pgmajfault,total_inactive_anon,total_active_anon,total_inactive_file,total_active_file,total_unevictable,nr_periods,nr_throttled,throttled_time,cpu_cycles,instructions,cache_references,cache_misses,branch_instructions,branch_misses,bus_cycles,ref_cpu_cycles,cache_l1d,cache_ll,cache_dtlb,cache_itlb,cache_bpu,cache_node,cache_op_read,cache_op_prefetch,cache_result_access,cpu_clock,task_clock,page_faults,context_switches,cpu_migrations,page_faults_min,page_faults_maj,alignment_faults,emulation_faults,dummy,bpf_output",207.79,10583.14
9,Rust,0.001,"cache,rss,rss_huge,shmem,mapped_file,dirty,writeback,swap,pgpgin,pgpgout,pgfault,pgmajfault,inactive_anon,active_anon,inactive_file,active_file,unevictable,hierarchical_memory_limit,hierarchical_memsw_limit,total_cache,total_rss,total_rss_huge,total_shmem,total_mapped_file,total_dirty,total_writeback,total_swap,total_pgpgin,total_pgpgout,total_pgfault,total_pgmajfault,total_inactive_anon,total_active_anon,total_inactive_file,total_active_file,total_unevictable,nr_periods,nr_throttled,throttled_time,cpu_cycles,instructions,cache_references,cache_misses,branch_instructions,branch_misses,bus_cycles,ref_cpu_cycles,cache_l1d,cache_ll,cache_dtlb,cache_itlb,cache_bpu,cache_node,cache_op_read,cache_op_prefetch,cache_result_access,cpu_clock,task_clock,page_faults,context_switches,cpu_migrations,page_faults_min,page_faults_maj,alignment_faults,emulation_faults,dummy,bpf_output",208.56,10543.78
2,Rust,1,"cache,rss,rss_huge,shmem,mapped_file,dirty,writeback,swap,pgpgin,pgpgout,pgfault,pgmajfault,inactive_anon,active_anon,inactive_file,active_file,unevictable,hierarchical_memory_limit,hierarchical_memsw_limit,total_cache,total_rss,total_rss_huge,total_shmem,total_mapped_file,total_dirty,total_writeback,total_swap,total_pgpgin,total_pgpgout,total_pgfault,total_pgmajfault,total_inactive_anon,total_active_anon,total_inactive_file,total_active_file,total_unevictable,nr_periods,nr_throttled,throttled_time,cpu_cycles,instructions,cache_references,cache_misses,branch_instructions,branch_misses,bus_cycles,ref_cpu_cycles,cache_l1d,cache_ll,cache_dtlb,cache_itlb,cache_bpu,cache_node,cache_op_read,cache_op_prefetch,cache_result_access,cpu_clock,task_clock,page_faults,context_switches,cpu_migrations,page_faults_min,page_faults_maj,alignment_faults,emulation_faults,dummy,bpf_output",208.15,10564.36
8,Rust,0.001,"cache,rss,rss_huge,shmem,mapped_file,dirty,writeback,swap,pgpgin,pgpgout,pgfault,pgmajfault,inactive_anon,active_anon,inactive_file,active_file,unevictable,hierarchical_memory_limit,hierarchical_memsw_limit,total_cache,total_rss,total_rss_huge,total_shmem,total_mapped_file,total_dirty,total_writeback,total_swap,total_pgpgin,total_pgpgout,total_pgfault,total_pgmajfault,total_inactive_anon,total_active_anon,total_inactive_file,total_active_file,total_unevictable,nr_periods,nr_throttled,throttled_time,cpu_cycles,instructions,cache_references,cache_misses,branch_instructions,branch_misses,bus_cycles,ref_cpu_cycles,cache_l1d,cache_ll,cache_dtlb,cache_itlb,cache_bpu,cache_node,cache_op_read,cache_op_prefetch,cache_result_access,cpu_clock,task_clock,page_faults,context_switches,cpu_migrations,page_faults_min,page_faults_maj,alignment_faults,emulation_faults,dummy,bpf_output",209.14,10514.73
6,Rust,1,"cache,rss,rss_huge,shmem,mapped_file,dirty,writeback,swap,pgpgin,pgpgout,pgfault,pgmajfault,inactive_anon,active_anon,inactive_file,active_file,unevictable,hierarchical_memory_limit,hierarchical_memsw_limit,total_cache,total_rss,total_rss_huge,total_shmem,total_mapped_file,total_dirty,total_writeback,total_swap,total_pgpgin,total_pgpgout,total_pgfault,total_pgmajfault,total_inactive_anon,total_active_anon,total_inactive_file,total_active_file,total_unevictable,nr_periods,nr_throttled,throttled_time,cpu_cycles,instructions,cache_references,cache_misses,branch_instructions,branch_misses,bus_cycles,ref_cpu_cycles,cache_l1d,cache_ll,cache_dtlb,cache_itlb,cache_bpu,cache_node,cache_op_read,cache_op_prefetch,cache_result_access,cpu_clock,task_clock,page_faults,context_switches,cpu_migrations,page_faults_min,page_faults_maj,alignment_faults,emulation_faults,dummy,bpf_output",235.32,9344.74
0,Rust,0.01,"cache,rss,rss_huge,shmem,mapped_file,dirty,writeback,swap,pgpgin,pgpgout,pgfault,pgmajfault,inactive_anon,active_anon,inactive_file,active_file,unevictable,hierarchical_memory_limit,hierarchical_memsw_limit,total_cache,total_rss,total_rss_huge,total_shmem,total_mapped_file,total_dirty,total_writeback,total_swap,total_pgpgin,total_pgpgout,total_pgfault,total_pgmajfault,total_inactive_anon,total_active_anon,total_inactive_file,total_active_file,total_unevictable,nr_periods,nr_throttled,throttled_time,cpu_cycles,instructions,cache_references,cache_misses,branch_instructions,branch_misses,bus_cycles,ref_cpu_cycles,cache_l1d,cache_ll,cache_dtlb,cache_itlb,cache_bpu,cache_node,cache_op_read,cache_op_prefetch,cache_result_access,cpu_clock,task_clock,page_faults,context_switches,cpu_migrations,page_faults_min,page_faults_maj,alignment_faults,emulation_faults,dummy,bpf_output",219.96,9997.60
4,Rust,0.01,"cache,rss,rss_huge,shmem,mapped_file,dirty,writeback,swap,pgpgin,pgpgout,pgfault,pgmajfault,inactive_anon,active_anon,inactive_file,active_file,unevictable,hierarchical_memory_limit,hierarchical_memsw_limit,total_cache,total_rss,total_rss_huge,total_shmem,total_mapped_file,total_dirty,total_writeback,total_swap,total_pgpgin,total_pgpgout,total_pgfault,total_pgmajfault,total_inactive_anon,total_active_anon,total_inactive_file,total_active_file,total_unevictable,nr_periods,nr_throttled,throttled_time,cpu_cycles,instructions,cache_references,cache_misses,branch_instructions,branch_misses,bus_cycles,ref_cpu_cycles,cache_l1d,cache_ll,cache_dtlb,cache_itlb,cache_bpu,cache_node,cache_op_read,cache_op_prefetch,cache_result_access,cpu_clock,task_clock,page_faults,context_switches,cpu_migrations,page_faults_min,page_faults_maj,alignment_faults,emulation_faults,dummy,bpf_output",207.60,10592.81
1,Rust,1,"cache,rss,rss_huge,shmem,mapped_file,dirty,writeback,swap,pgpgin,pgpgout,pgfault,pgmajfault,inactive_anon,active_anon,inactive_file,active_file,unevictable,hierarchical_memory_limit,hierarchical_memsw_limit,total_cache,total_rss,total_rss_huge,total_shmem,total_mapped_file,total_dirty,total_writeback,total_swap,total_pgpgin,total_pgpgout,total_pgfault,total_pgmajfault,total_inactive_anon,total_active_anon,total_inactive_file,total_active_file,total_unevictable,nr_periods,nr_throttled,throttled_time,cpu_cycles,instructions,cache_references,cache_misses,branch_instructions,branch_misses,bus_cycles,ref_cpu_cycles,cache_l1d,cache_ll,cache_dtlb,cache_itlb,cache_bpu,cache_node,cache_op_read,cache_op_prefetch,cache_result_access,cpu_clock,task_clock,page_faults,context_switches,cpu_migrations,page_faults_min,page_faults_maj,alignment_faults,emulation_faults,dummy,bpf_output",207.50,10597.65
6,Rust,0.1,"cache,rss,rss_huge,shmem,mapped_file,dirty,writeback,swap,pgpgin,pgpgout,pgfault,pgmajfault,inactive_anon,active_anon,inactive_file,active_file,unevictable,hierarchical_memory_limit,hierarchical_memsw_limit,total_cache,total_rss,total_rss_huge,total_shmem,total_mapped_file,total_dirty,total_writeback,total_swap,total_pgpgin,total_pgpgout,total_pgfault,total_pgmajfault,total_inactive_anon,total_active_anon,total_inactive_file,total_active_file,total_unevictable,nr_periods,nr_throttled,throttled_time,cpu_cycles,instructions,cache_references,cache_misses,branch_instructions,branch_misses,bus_cycles,ref_cpu_cycles,cache_l1d,cache_ll,cache_dtlb,cache_itlb,cache_bpu,cache_node,cache_op_read,cache_op_prefetch,cache_result_access,cpu_clock,task_clock,page_faults,context_switches,cpu_migrations,page_faults_min,page_faults_maj,alignment_faults,emulation_faults,dummy,bpf_output",207.35,10605.33
2,Rust,0.1,"cache,rss,rss_huge,shmem,mapped_file,dirty,writeback,swap,pgpgin,pgpgout,pgfault,pgmajfault,inactive_anon,active_anon,inactive_file,active_file,unevictable,hierarchical_memory_limit,hierarchical_memsw_limit,total_cache,total_rss,total_rss_huge,total_shmem,total_mapped_file,total_dirty,total_writeback,total_swap,total_pgpgin,total_pgpgout,total_pgfault,total_pgmajfault,total_inactive_anon,total_active_anon,total_inactive_file,total_active_file,total_unevictable,nr_periods,nr_throttled,throttled_time,cpu_cycles,instructions,cache_references,cache_misses,branch_instructions,branch_misses,bus_cycles,ref_cpu_cycles,cache_l1d,cache_ll,cache_dtlb,cache_itlb,cache_bpu,cache_node,cache_op_read,cache_op_prefetch,cache_result_access,cpu_clock,task_clock,page_faults,context_switches,cpu_migrations,page_faults_min,page_faults_maj,alignment_faults,emulation_faults,dummy,bpf_output",207.47,10599.09
2,Rust,0.01,"cache,rss,rss_huge,shmem,mapped_file,dirty,writeback,swap,pgpgin,pgpgout,pgfault,pgmajfault,inactive_anon,active_anon,inactive_file,active_file,unevictable,hierarchical_memory_limit,hierarchical_memsw_limit,total_cache,total_rss,total_rss_huge,total_shmem,total_mapped_file,total_dirty,total_writeback,total_swap,total_pgpgin,total_pgpgout,total_pgfault,total_pgmajfault,total_inactive_anon,total_active_anon,total_inactive_file,total_active_file,total_unevictable,nr_periods,nr_throttled,throttled_time,cpu_cycles,instructions,cache_references,cache_misses,branch_instructions,branch_misses,bus_cycles,ref_cpu_cycles,cache_l1d,cache_ll,cache_dtlb,cache_itlb,cache_bpu,cache_node,cache_op_read,cache_op_prefetch,cache_result_access,cpu_clock,task_clock,page_faults,context_switches,cpu_migrations,page_faults_min,page_faults_maj,alignment_faults,emulation_faults,dummy,bpf_output",206.96,10625.33
1,Rust,0.1,"cache,rss,rss_huge,shmem,mapped_file,dirty,writeback,swap,pgpgin,pgpgout,pgfault,pgmajfault,inactive_anon,active_anon,inactive_file,active_file,unevictable,hierarchical_memory_limit,hierarchical_memsw_limit,total_cache,total_rss,total_rss_huge,total_shmem,total_mapped_file,total_dirty,total_writeback,total_swap,total_pgpgin,total_pgpgout,total_pgfault,total_pgmajfault,total_inactive_anon,total_active_anon,total_inactive_file,total_active_file,total_unevictable,nr_periods,nr_throttled,throttled_time,cpu_cycles,instructions,cache_references,cache_misses,branch_instructions,branch_misses,bus_cycles,ref_cpu_cycles,cache_l1d,cache_ll,cache_dtlb,cache_itlb,cache_bpu,cache_node,cache_op_read,cache_op_prefetch,cache_result_access,cpu_clock,task_clock,page_faults,context_switches,cpu_migrations,page_faults_min,page_faults_maj,alignment_faults,emulation_faults,dummy,bpf_output",203.08,10828.35
4,Rust,0.001,"cache,rss,rss_huge,shmem,mapped_file,dirty,writeback,swap,pgpgin,pgpgout,pgfault,pgmajfault,inactive_anon,active_anon,inactive_file,active_file,unevictable,hierarchical_memory_limit,hierarchical_memsw_limit,total_cache,total_rss,total_rss_huge,total_shmem,total_mapped_file,total_dirty,total_writeback,total_swap,total_pgpgin,total_pgpgout,total_pgfault,total_pgmajfault,total_inactive_anon,total_active_anon,total_inactive_file,total_active_file,total_unevictable,nr_periods,nr_throttled,throttled_time,cpu_cycles,instructions,cache_references,cache_misses,branch_instructions,branch_misses,bus_cycles,ref_cpu_cycles,cache_l1d,cache_ll,cache_dtlb,cache_itlb,cache_bpu,cache_node,cache_op_read,cache_op_prefetch,cache_result_access,cpu_clock,task_clock,page_faults,context_switches,cpu_migrations,page_faults_min,page_faults_maj,alignment_faults,emulation_faults,dummy,bpf_output",410.66,5354.82
